PCT_PPL_NO_HLTH_INSURANCE,OPIOID_SCRIPTS_100,SUBSTANCE_ABUSE_FACILITIES,CRIME_THEFT_100k,CRIME_VIOLENT_100k,CRIME_PROPERTY_100k,UNEMPLOYMENT_RATE,MEDIAN_INCOME,UNDER_18_POVERTY_RATE,ALL_AGES_POVERTY_RATE,HS_LESS_PERCENT,RISK
40.7,20.7,1,714.8240345,18.27026286,726.2429488,4,50069,18.5,12.4,0.196336812,high
7.2,17.8,1,6.881365263,6.881365263,6.881365263,7.6,43953,20,16.3,0.074938068,high
7.4,41.7,0,812.3513307,71.81006238,801.1310085,4.4,47905,13.8,10,0.039719941,high
40.7,20.7,1,446.6625647,38.74114081,471.7303617,3.4,53540,15.7,10.8,0.195916228,high
11.1,39,1,1282.138254,217.0816091,1356.760057,7.3,39969,29.1,19,0.054473916,high
8,31.2,1,559.2487074,89.69083043,559.2487074,4.8,49796,17.3,10.9,0.043368154,high
8,31.2,1,753.8755574,74.32575918,753.8755574,4.6,51020,15.4,10.7,0.043639839,high
6.6,44,1,505.3507729,35.13133715,510.755594,4.4,49031,17.5,12,0.043562858,high
10.6,59.8,0,2045.440242,94.40493423,2076.908553,5.7,45195,24.8,19,0.040531185,high
8.2,56.2,2,1945.278023,141.2180053,1941.747573,4.2,51264,15.3,11.2,0.031032657,high
5.5,43.6,1,782.2400909,39.33050736,799.7203164,4.3,52650,12.1,8.3,0.023401652,high
40.7,20.7,1,268.8723312,2.278579078,273.4294894,3.5,61593,13.6,9,0.195889443,high
6.6,44,1,494.756655,56.46679215,494.756655,5.5,42214,21.6,14.2,0.043344985,high
12.9,69.4,1,4295.217498,150.5653043,4352.706069,7.6,41547,27.4,18.1,0.07407813,high
4.1,48.1,5,1375.156787,93.9453492,1388.359917,3.6,102990,4.7,4.7,0.013228521,high
11.1,37.4,1,1212.629226,117.3512154,1201.45292,4.9,51103,17.1,11.4,0.048635559,high
11.1,37.4,1,1171.831197,128.9575001,1197.996486,5.1,50612,17.4,12.2,0.048798266,high
11.1,37.4,1,1472.96738,67.72263817,1514.353437,6,47369,21,14.6,0.049117725,high
8.8,85,2,2994.179278,176.9499418,3054.714785,7.1,41814,27.2,19.1,0.055110594,high
4.1,48.1,5,1368.353527,83.29108423,1385.942948,3.5,97679,4.7,4.4,0.013476601,high
4.1,48.1,5,1269.985379,68.0914854,1276.31947,4.1,97802,5.1,4.8,0.013750257,high
11,64.5,4,794.2331765,45.32308888,822.2903268,5.6,46128,18.3,13.4,0.061067467,high
10.3,57,1,997.1136185,85.27945421,1010.233535,7.6,44274,23.9,16.8,0.054513251,high
7.2,17.8,1,574.5137399,6.921852288,609.1230013,8.7,48836,18.1,15.1,0.075378971,high
7.2,17.8,1,686.9752273,6.93914371,742.4883769,7.2,44835,19.8,16.2,0.075567275,high
10.3,37.5,1,406.7321178,56.10098177,406.7321178,9.9,41754,24.4,18.3,0.046633941,high
10.3,37.5,1,383.223334,78.06401249,432.9004329,11.1,44062,22.4,15.2,0.047193244,high
5.2,66.1,2,1133.325447,101.7390276,1097.835088,4.9,59214,10.9,8.2,0.035182775,high
6.4,49.7,2,1558.479214,61.61429452,1562.103585,6.5,53645,15,10.2,0.026639121,high
7,61.3,1,1273.714062,90.45570115,1288.382554,7.7,50345,15.6,10.1,0.028652455,high
5.6,41.3,1,1006.876228,68.76227898,1053.536346,3.3,56124,10.6,7.8,0.020776031,high
10,19.7,1,1436.979286,91.72208209,1482.840327,6.6,41675,32.9,18.9,0.094244439,high
9.1,70.8,2,1538.300544,102.0301381,1567.078275,4.8,59538,14.5,9.5,0.039137715,high
8.8,85,2,2718.295279,173.3102253,2782.268852,6,44871,22.7,14.8,0.055063799,high
12.9,69.4,1,1216.578271,103.8875827,1260.320411,6.4,41643,23.4,15.1,0.073978894,high
8.9,45.1,1,420.5888244,34.33378158,452.0614575,5,52312,19.4,11.3,0.052845412,high
11,64.5,4,771.7762711,33.41489442,805.1911655,5.4,47588,18,13,0.060998351,high
5.5,43.6,1,860.2620087,48.0349345,875.5458515,3.7,59543,11.5,9.2,0.023384279,high
4,33.6,1,356.7668733,40.94046087,345.0695988,4.6,56519,9.6,7.8,0.024418061,high
10.6,72.1,2,2315.557999,96.75645959,2350.742166,5,50753,27.2,17,0.040351842,high
4,33.6,1,360.3710049,41.35404974,348.5555621,3.5,62944,7.3,6.4,0.024664737,high
7.6,67.2,5,1671.066843,118.5047402,1683.067323,6,42955,28.5,28.8,0.037846514,high
6.8,61.2,2,1478.889751,162.3171677,1381.49945,4.9,49546,17.7,12.9,0.033888218,high
7.4,41.7,0,816.1240869,72.1435657,804.8516548,3.7,51109,11.7,8.8,0.03990441,high
7.6,67.2,5,1961.787272,112.8328569,2024.973672,6.4,38131,24.5,28.8,0.037956973,high
40.7,20.7,1,645.381984,18.24401368,675.0285063,3.6,58783,16.4,11.7,0.196054732,high
6.4,57.6,0,840.7999558,53.35492061,864.7176789,3.8,76116,8.8,7.6,0.036925285,high
5.9,50.1,4,928.0795237,46.63144666,940.5903996,5,68405,9.6,7,0.023992448,high
6.6,62.5,3,2290.578963,172.9240797,2321.838316,5.2,59921,13.9,9.6,0.03648033,high
7.6,61.6,3,2531.447634,121.6206825,2581.833345,4.8,60051,17.8,13.2,0.054416568,high
8.2,56.7,7,1332.612374,50.58345398,1373.893124,4.4,58902,17.1,11.7,0.041187723,high
10.7,78,5,1996.631343,122.8156362,2077.338761,5.6,43598,23.8,15.7,0.04631904,high
6.6,62.5,3,2277.747649,171.9553974,2308.831894,4.4,61450,12.4,9.1,0.036275975,high
11.6,36,0,735.8430202,71.09594398,803.3841669,6.2,46177,21.4,13.5,0.04628346,high
11.6,36,0,112.2375091,10.86169442,119.4786387,6.8,48616,18.9,12.8,0.047139754,high
6.6,44,1,566.0480052,92.52707778,527.9486203,4.4,50347,13.9,10.7,0.04386872,high
12.9,69.4,1,1376.447455,114.7039546,1425.606292,7.1,45777,20.7,12.7,0.073902119,high
6.4,49.7,2,1270.110076,99.39991901,1236.97677,5.2,57678,11.1,8.2,0.027058867,high
9.7,69.5,1,1472.430206,119.6871434,1533.665488,7.4,43341,25.1,17.8,0.061652796,high
6.4,57.6,0,824.6002643,59.56480465,843.2142658,4.5,69900,9.2,7.7,0.037358301,high
13,47.8,6,1364.757846,129.4018185,1381.148743,4.7,50106,20.4,13.9,0.064140168,high
11.1,37.4,1,1366.1356,75.06239562,1398.037118,5,48338,20.1,14.1,0.048996979,high
9.1,77.2,2,3273.372375,387.2346108,3296.263091,5.8,43602,24.9,18,0.046344162,high
10.9,45.5,1,2267.696394,116.4182531,2270.975782,4.6,50914,19.9,14.8,0.039106695,high
10.7,45.6,4,696.8455769,29.78881855,718.1233044,5,72264,11.5,7.8,0.043183148,high
4,33.6,1,358.6231224,41.15347306,346.8649872,3.9,60036,8.7,7.2,0.024545107,high
4,33.6,1,358.8868624,41.18373831,347.12008,3.7,61069,9.5,8.3,0.024563158,high
5.2,66.1,2,1007.004221,75.46635851,1030.587458,5.9,54666,14.8,10.5,0.035068273,high
7.6,67.2,5,2171.407776,92.49711894,2197.185661,6.2,38400,29.1,31.5,0.038257415,high
7,61.3,1,1256.318398,83.42739363,1278.40212,6.6,58793,15.3,9.7,0.028757913,high
5.6,41.3,1,1360.176774,95.75251657,1399.459858,3.8,52606,11.7,8.9,0.020770931,high
5.6,41.3,1,397.9073023,34.38705082,417.5570457,3.3,57577,10.3,8.2,0.020779604,high
7.6,67.2,5,1804.625027,97.25524098,1827.781037,6.9,34216,31.4,29.9,0.038948408,high
5.7,43.2,3,1240.567205,75.38504361,1247.912414,5.2,54996,12.3,13.5,0.020164533,high
6.4,57.6,0,595.7523398,43.19654428,626.349892,3.8,78796,7.2,6.1,0.03612311,high
10.3,57,1,464.037123,193.3488012,496.2619232,6.1,42582,25.6,16.9,0.053557618,high
10.9,48.8,2,1061.351281,94.91759427,1108.810079,8.2,38479,31.3,22.8,0.07291397,high
9.2,73.3,5,2258.766941,139.7510481,2338.392538,6.7,41608,27.4,17.5,0.061571712,high
5.7,43.2,3,1199.705819,84.2705237,1193.577054,4.4,61774,9.5,10.8,0.019979775,high
5.5,43.6,1,960.8875106,50.22821078,963.0713459,3.7,63336,11.5,8.7,0.023388876,high
8.6,102.7,0,1057.255725,90.15358893,1093.31716,6,44697,21.5,15,0.036782664,high
10.9,45.5,1,1968.981573,111.4827202,1962.423765,5.3,46908,21.4,15.1,0.039100925,high
10.9,45.5,1,1990.245825,93.60066998,1990.245825,4.6,53375,17.5,12.7,0.039164491,high
8.2,56.7,7,2434.144124,103.8819995,2497.889897,5.3,57308,20.6,13.5,0.041812505,high
7.4,41.7,0,870.1957941,81.58085569,824.8730964,3.7,47527,10.5,8.8,0.040110587,high
11.1,39,1,1048.831983,231.5603078,1021.589593,6.7,41375,27.3,20.5,0.054689096,high
10.7,78,5,1415.898417,100.8871108,1443.729344,6.5,42374,26.1,17.5,0.04592103,high
11.3,90.1,4,1690.501105,102.3136845,1757.935124,6.3,44729,28.4,19.8,0.069945355,high
4.1,48.1,5,1272.052737,93.74594848,1283.023008,3.5,107676,5.3,4.8,0.012989798,medium
7.6,61.6,3,2432.01298,123.4524355,2509.611654,5.7,54868,19,13.2,0.055236147,medium
8.2,56.2,2,1909.501624,141.1831145,1902.442468,4.9,49565,14.8,10.1,0.031024989,medium
5.2,66.1,2,1239.03431,82.75992528,1269.773711,4.9,58782,12.4,8.5,0.035161145,medium
5.7,60,1,2253.135597,112.3503697,2265.392001,5.1,50774,16,10.7,0.040895535,medium
10.3,37.5,1,344.0860215,50.17921147,365.5913978,8.3,44868,24.2,15.2,0.047670251,medium
7.1,54.3,0,2234.473597,114.2477582,2258.385918,4.5,51498,18.2,12.7,0.030860179,medium
6.6,62.5,3,2256.052825,170.3175768,2286.841002,4.3,65198,13,9.7,0.035930458,medium
8.8,85,2,3031.076659,174.0664237,3158.72537,6.2,43324,26.7,16.5,0.054935363,medium
11,64.5,4,879.049676,42.11663067,916.8466523,5.8,50273,16.6,12.7,0.061112311,medium
10,19.7,1,1106.785742,106.8620716,1144.950767,6.8,40927,29,19.8,0.094114953,medium
5.9,50.1,4,841.318861,49.95685544,837.9127117,4.1,70576,8.8,7,0.023950906,medium
10,19.7,1,1013.747024,168.9578373,1036.786729,7.1,41522,31.8,20.8,0.094693188,medium
6.9,61,2,1984.544684,133.5010654,2035.891248,4.4,58837,16.2,10.8,0.038895022,medium
9.1,70.8,2,1675.015654,114.7985807,1688.060948,4.9,53936,16.2,10.2,0.039031517,medium
7.4,76.7,18,2661.856137,290.4956532,2696.736916,5.8,47745,21.6,14.9,0.038730979,medium
9.1,70.8,2,1250.131041,123.1785302,1263.23514,4.9,52210,15.1,10.4,0.039207464,medium
7.4,76.7,18,2426.67663,327.4532305,2448.827093,5.3,48976,20.2,13.4,0.038819354,medium
8,31.2,1,948.6665964,26.3518499,943.3962264,5.5,47358,18.1,12.3,0.043322441,medium
10.2,59.4,45,3517.404142,406.5313069,3587.648876,4.9,53164,24.6,17.3,0.047205269,medium
8.4,63.2,1,1661.076867,97.44379985,1715.464104,4,63736,14,9.3,0.067258883,medium
8.4,63.2,1,1702.969397,68.20972216,1741.621572,4.8,52996,17.1,12.6,0.067482152,medium
8,31.2,1,589.234526,47.77577237,562.6924302,4.4,52534,15.6,10.2,0.043635205,medium
10.7,45.6,4,417.3364988,25.55121421,426.9182042,4.2,76315,8.8,6.7,0.043213491,medium
6.8,61.2,2,1134.137355,149.1813002,1094.595323,4.8,48617,19.8,13.6,0.03377249,medium
5.7,43.2,3,1265.715518,65.48132627,1286.515469,4.2,60347,10.9,11.4,0.020091212,medium
5.7,60,1,2284.605962,102.0824826,2302.980808,4.3,59149,13.6,8.9,0.040873826,medium
7.9,60.2,1,2325.089833,142.1955766,2344.305451,4.4,51685,14,10.7,0.039353587,medium
12.9,69.4,1,1295.322598,109.5410231,1267.937343,6.8,44471,23.9,15.7,0.074104502,medium
9.7,69.5,1,1024.971529,88.88641982,1044.415433,6.4,47543,23.9,17,0.061526069,medium
9.7,69.5,1,641.7736289,75.01250208,647.3301106,6,51702,24.9,15.7,0.061538034,medium
8.2,56.7,7,1546.198392,102.5719176,1593.088411,4.4,59119,17.4,12.6,0.041521112,medium
5.7,43.2,3,1240.855026,75.40253353,1248.20194,4.3,57390,10.9,11.7,0.020169211,medium
5.6,41.3,1,444.8790027,24.44390125,447.3233928,3.1,60055,9.7,6.9,0.02067954,medium
9.3,82.8,1,919.0672154,27.43484225,922.4965706,6.6,48838,20.7,13.1,0.054372428,medium
8.9,45.1,1,933.0013451,51.51541169,964.4829856,6,49846,21.1,12.1,0.052860536,medium
8.9,45.1,1,74.43245255,5.725573273,77.29523919,5.1,52953,19.4,12.2,0.052875669,medium
10.9,48.8,2,1241.515594,124.5811496,1310.250021,9,38081,32.7,22.6,0.072600739,medium
7.1,54.3,0,1798.109341,126.9253652,1788.854366,3.7,55265,14.6,10.6,0.030713294,medium
13,47.8,6,1483.909262,169.4667389,1459.822619,3.9,56172,17.4,12.9,0.06395864,medium
7,61.3,1,1077.968104,73.83343178,1112.423705,6.7,55968,12.9,8.9,0.028844261,medium
9.1,77.2,2,3282.437614,384.3603763,3309.34284,4.9,49297,23.4,15.5,0.046690177,medium
10.9,48.8,2,875.1787184,108.3141978,918.5043976,8.1,42200,32.2,19.9,0.073220398,medium
7.6,61.6,3,2712.61383,135.1043111,2805.607706,4.8,58472,17.6,12.4,0.054954117,medium
6.4,57.6,0,950.7544413,73.94756765,950.7544413,3.7,86609,5.9,5.2,0.035336373,medium
10.7,78,5,2036.07158,102.1558405,2117.091729,5.6,47799,22.4,14.5,0.046498521,medium
11.6,93.6,4,1165.707019,67.11646473,1204.56392,9.1,40512,32.7,21.9,0.088028542,medium
10.6,72.1,2,2096.496267,110.4581805,2142.888702,4.2,49690,17.3,10.9,0.040538152,medium
9.8,66.2,5,539.6756265,39.76557248,544.4096233,6.5,42645,23.5,15.9,0.055482442,medium
11.6,36,0,104.6251533,7.215527816,108.2329172,6,52166,20,13,0.046973086,medium
5.1,54.9,4,1143.665332,66.4238656,1175.747607,5,72973,7.5,5.8,0.028512557,medium
7.4,41.7,0,770.1019253,63.42015855,792.7519819,3.7,55590,11.3,8.6,0.0400906,medium
9.1,70.8,2,1570.44959,103.8313778,1565.258021,5.5,53026,18.1,11.7,0.038832935,medium
7.9,60.2,1,2657.858498,97.26221315,2703.119132,5.4,51868,15.7,10.6,0.039444161,medium
6.4,49.7,2,1323.896142,113.6863723,1323.896142,5.3,57752,11.3,8.3,0.026954672,medium
7.5,50.6,7,1594.863935,104.6417865,1615.176752,5.9,52047,18.2,14.2,0.02983522,medium
5.1,54.9,4,1260.3841,66.54756588,1305.493524,4.2,81383,6.6,5.2,0.028182224,medium
8.3,76.6,0,2513.661202,133.04823,2537.419815,6,44336,22.1,13.9,0.041007365,medium
8.8,57.1,1,908.5213033,53.01715828,959.1285907,5.7,49516,19.9,13,0.040991903,medium
9.7,69.5,1,1045.257422,94.51795841,1075.836762,6.5,44738,25.9,18.8,0.06157567,medium
8.6,102.7,0,869.96337,75.22239665,902.6687598,6.4,45048,21.2,15.7,0.036695447,medium
5.5,43.6,1,1044.557593,52.44640633,1057.669194,3.7,58840,11.5,8.7,0.023404209,medium
12.1,68.7,2,3332.020222,151.007813,3341.868558,7.7,36675,37.9,26.1,0.080066969,medium
6.8,61.2,2,1039.389269,112.8991792,1028.636966,5.8,45003,25.6,17.5,0.033672628,medium
6.9,60.7,2,2087.04719,84.08731627,2073.593219,4.8,49994,18.3,12.2,0.03984057,medium
8.5,75.8,7,862.1808273,100.9241771,880.9238888,6.7,41983,24.5,16.1,0.043930853,medium
8.2,50.1,49,2473.317539,478.99006,2566.883272,6.2,44138,30,19.6,0.047151747,medium
7.8,77.6,11,3087.977582,274.2202932,3219.08916,6.7,41316,28.7,18.9,0.038433688,medium
6.9,59.6,10,1132.932987,87.75319088,1137.844546,5.6,52779,20.9,13.5,0.045454843,medium
13,47.8,6,1307.639367,106.6758431,1345.492085,3.9,52717,16.9,11.3,0.063962491,medium
8.1,93.4,3,1939.020929,135.9406044,1927.070107,8.4,43558,24,16.3,0.038735603,medium
11.3,90.1,4,1797.355187,90.79903148,1855.559695,6.4,41494,27.6,17.9,0.070031663,medium
7.7,43.8,0,1165.152735,113.0658081,1186.232801,5.3,46610,17,12.2,0.038940631,medium
8.3,76.6,0,2476.064708,129.6986276,2487.855492,6.7,39881,24.7,15.4,0.040701787,medium
11,58.7,5,1253.405441,103.6880413,1287.968121,6,44258,28.6,18.6,0.067996991,medium
9.8,112.5,2,1734.264014,172.1964269,1771.163248,7.9,45168,27.2,18.1,0.070631284,medium
6.9,60.7,2,2139.502231,78.55984756,2159.560065,5.7,46447,21.2,14.5,0.039597506,medium
6.7,61.4,9,1258.058622,156.6048078,1272.849076,4.5,60782,12.6,8.3,0.0325651,medium
7.9,61.8,23,2743.233627,308.4086996,2789.872839,5.9,50453,20.3,13.4,0.038690268,medium
6.4,49.7,2,1536.221332,101.9293775,1572.624681,5.6,56986,13.9,9.4,0.026756462,medium
8.2,50.1,49,2035.946599,437.040232,2084.321281,5.2,45506,26.2,18.2,0.047315046,medium
11.6,36,0,73.15021396,3.657510698,73.15021396,5.8,51296,19.9,13,0.047620789,medium
7.5,50.6,7,1477.108508,89.78261538,1493.097193,4.9,53609,16.1,13.6,0.029806598,medium
10.2,59.4,45,3177.840757,403.3232821,3250.442129,4.1,53939,24.5,17.1,0.046491119,medium
10.6,59.8,0,1922.281277,92.29496197,1960.472296,5,46969,17.2,13.3,0.040991693,medium
8.2,73,2,2428.311394,120.0306012,2445.458622,6.4,49234,22.3,13.9,0.031775134,medium
9.7,84.2,3,1587.341581,133.53826,1612.537479,6.7,41940,26.4,17.2,0.077326211,medium
10,19.7,1,1173.264704,121.1111952,1211.111952,8,37633,36.3,23.7,0.093331315,medium
9.7,84.2,3,860.7119281,68.55227746,898.7965267,6.2,41630,28.7,18.6,0.077921089,medium
6.7,61.4,9,814.7977361,123.1114572,822.193124,5.5,58697,13.4,8.9,0.032565808,medium
8.6,102.7,0,767.4241672,56.23366743,785.6174126,6.2,46417,20.8,14.6,0.037114221,medium
5.9,50.1,4,664.2133171,46.35361021,673.2579239,4.4,73148,8.1,6.5,0.023849498,medium
6.9,59.6,10,1398.208638,111.6727594,1400.179333,6.4,52331,21.7,14.7,0.045595331,medium
5.9,50.1,4,673.2495512,40.39497307,660.3456014,4.7,72926,7.6,6,0.023670332,medium
8.2,56.7,7,1965.221397,117.4641562,2071.745264,4.2,62658,12.4,8.9,0.040790004,medium
8.3,76.6,0,2823.724008,144.1398866,2828.449905,5.8,41471,24.4,16.5,0.040784499,medium
5.2,66.1,2,1255.556606,82.75796841,1281.566254,4.7,56504,11.7,8.9,0.035160314,medium
8.1,93.4,3,365.985568,62.23236379,368.9490139,7.4,43306,28.5,17.8,0.038421076,medium
11,64.5,4,732.5967688,61.68096872,746.6643581,5,51408,17.4,12.8,0.061237299,medium
7.5,50.6,7,1569.25442,84.24289008,1563.105304,5,59490,13.9,11.8,0.029804766,medium
6.4,62.1,4,2229.697728,110.5133405,2256.415239,5.3,59382,18.1,13.2,0.0294682,medium
6.6,44,1,425.0595625,46.02555772,457.5481915,4.5,50770,14.3,9.7,0.043643058,medium
8.8,85,2,2417.931931,189.2092678,2471.328412,5.6,44884,21.5,14.8,0.054951943,medium
9.8,112.5,2,2337.503814,112.9081477,2487.030821,8.8,41161,30.2,20,0.070094599,medium
10.1,85.6,3,3883.732291,212.8550492,3925.605416,4.4,44257,23,16,0.056982343,medium
7.4,76.7,18,2397.621998,316.0636105,2329.894081,5.2,51214,22.3,14.3,0.039094058,medium
10.9,45.5,1,1844.934179,135.3930476,1782.947001,4.5,52061,16.2,10.7,0.038905111,medium
10.2,59.4,45,3289.946492,381.9297337,3409.515291,4.1,56090,23.9,16.6,0.045870012,medium
11.6,93.6,4,1417.333995,88.58337467,1530.720714,7.5,42869,29.7,20.5,0.088299908,medium
7.7,43.8,0,808.1119043,82.73526639,842.7452716,4.3,51131,15.2,9.6,0.039097224,medium
7.1,54.3,0,1900,87.13791556,1147.315888,3.7,56406,13.1,10,0.030669906,medium
10.6,59.8,0,1786.448288,88.53195055,1808.581275,4.8,44101,21.2,16.5,0.040724697,medium
10,59.4,7,4374.805318,208.206961,4455.137138,6.6,41948,23.4,15.9,0.056051937,medium
10.7,45.6,4,368.4692552,31.94820132,383.3784158,4.5,77938,8.3,5.8,0.043225916,medium
9.7,84.2,3,1192.700468,20.47554452,1208.057127,6,43733,27,18.2,0.078549308,medium
5.1,54.9,4,1120.565623,63.11180941,1152.342198,4.2,81543,6.1,5.4,0.027848638,medium
6.9,61,2,1968.026034,87.81218523,2094.578889,4.5,56203,16,11.1,0.039128077,medium
7.8,77.6,11,2804.177591,289.7750793,2875.327722,6.1,42443,26.8,16.8,0.038679799,medium
7.4,76.7,18,2298.573567,287.0539217,2352.931726,5.5,51036,19.4,13.2,0.038950432,medium
10.3,57,1,636.7357547,84.46494705,662.7249691,6.3,44221,24.3,15.5,0.053992593,medium
8.5,75.8,7,890.4099656,118.914686,906.3619357,6.4,45675,21.1,14.6,0.044186957,medium
6.4,62.1,4,2192.61135,133.3097961,2205.394481,4.4,61250,16.2,12.7,0.029541207,medium
10.1,80.4,5,1883.580022,198.0661717,1907.972407,7.3,43160,28.3,17.2,0.047009006,medium
8.5,85.5,12,1955.374749,743.9075741,1976.313688,6.4,42344,29.4,20.7,0.051424653,medium
8.5,75.8,7,696.0386132,86.8208841,707.8109365,6.3,52221,17.2,11.1,0.044837836,medium
10.7,45.6,4,683.3712984,37.25544462,676.9846508,4.7,82744,7.2,6.4,0.043205671,medium
11,58.7,5,615.198788,50.15763829,628.5059166,5.9,45157,28.4,19.3,0.068470294,medium
6.4,62.1,4,2191.573662,120.9811572,2249.039712,4.4,62751,14.5,12.1,0.029356078,medium
11.1,39,1,1261.701262,189.9335233,1363.451363,8.3,40680,27.6,18.7,0.054470221,medium
11.1,39,1,1438.263229,264.5861601,1431.478969,7.8,37923,27.6,18.1,0.054477612,medium
8.5,85.5,12,3460.451815,766.8623223,3476.135014,5.3,43136,28.9,19.5,0.05154468,medium
11,58.7,5,1288.667603,97.96297605,1344.21362,7.2,39757,32.1,21.5,0.067554056,medium
9.3,82.8,1,1275.881557,23.97629772,1301.570448,6.5,51278,17.9,12.2,0.054306314,medium
9.8,112.5,2,1824.324324,153.5626536,1882.678133,7.5,42828,29.2,20.4,0.070546683,medium
6.6,62.5,3,2228.304121,168.2227269,2258.713614,4.3,67276,12.3,9,0.035488525,medium
11.3,90.1,4,1824.25846,67.30724597,1870.67725,7.8,41611,27.6,19.3,0.069813861,medium
10.3,37.5,1,403.9559827,48.75330826,410.9207411,11,40646,23,15.7,0.046315643,medium
8.5,89,4,4119.105608,366.0612107,4141.846885,5.8,42029,27.6,18.2,0.058819214,medium
10.7,78,5,2241.979126,154.6192501,2259.549496,5.4,48397,22.1,14.5,0.046385775,medium
6.9,61,2,1765.880125,110.047602,1811.946563,5.1,50302,17.7,11.3,0.038772585,medium
8.2,56.2,2,1841.575059,148.4571065,1795.62405,3.9,49120,13.7,11.4,0.031069952,medium
7.5,50.6,7,1508.041453,94.09883453,1528.33728,5,52947,15,13.5,0.029810265,medium
8.2,56.2,2,1951.946623,134.8617667,1983.887568,4,52610,13.1,8.9,0.031195656,medium
9.8,66.2,5,574.7894666,50.60438826,588.1566635,5.9,42301,22.3,14.7,0.055951267,medium
10.6,59.8,0,1690.759727,50.94567917,1728.968987,4.9,47185,21.2,15.8,0.041011272,medium
8.6,89.7,0,1732.253363,66.90081954,1789.596923,5.8,53234,19.2,13.4,0.042720952,medium
9.3,82.8,1,793.3799693,39.24245009,800.2047432,8,47824,19.9,13.4,0.054103395,medium
8.5,75.8,7,800.4782457,109.3549516,845.6782923,7.5,45661,21.5,15.7,0.044427272,medium
7.6,61.6,3,2525.882068,145.4243274,2567.431876,4.6,62445,16.6,12,0.054222499,medium
10,59.4,7,3896.402689,261.2939804,3910.371235,5.6,45273,23.4,15.1,0.056186423,medium
9.9,90.5,3,3268.193634,184.9432884,3455.723542,8.8,37625,36.1,27.2,0.068390217,medium
12.1,68.7,2,2186.280347,122.3787789,2206.125554,6.5,38738,32.4,21.7,0.080670768,medium
9.1,77.2,2,3503.249293,386.2457875,3520.630353,5,47924,21.9,15.5,0.046919207,medium
11.3,90.1,4,1527.962174,121.1189528,1630.447441,5.9,43840,25.4,16.8,0.070062656,medium
8.2,73,2,2262.203293,94.20318699,2271.490931,5.5,48129,22.3,12.7,0.031962743,medium
8.3,62.8,26,3834.315189,435.7063792,3815.495249,5.5,48973,24.4,17.6,0.042824031,medium
5.7,60,1,2385.106427,123.1552372,2413.842649,4.2,59604,12.1,9.4,0.041092797,medium
13,47.8,6,1286.53467,109.7111511,1321.676524,4,53605,16.2,11.9,0.063726751,medium
9.8,112.5,2,1509.958314,138.9532191,1522.309711,7.1,44671,26.4,17.9,0.070927899,medium
8.1,93.4,3,296.1631402,13.26103613,297.6365887,8.2,40148,31.1,20,0.038206519,medium
10.6,72.1,2,1787.137922,88.5818053,1813.712463,4.2,53760,17.5,12.2,0.040636903,medium
8.6,89.7,0,1883.360854,81.36501783,1909.68483,7.7,49453,20.4,13.7,0.042788427,medium
8.9,45.1,1,71.54508771,11.44721403,65.8214807,4.9,55466,17.9,11.2,0.052857511,medium
7.9,61.8,23,2751.585821,280.5292406,2818.211515,5,51434,21.5,14.4,0.038735182,medium
10.3,57,1,0,124.9178172,729.7830375,6,48160,21.1,12.8,0.054635108,medium
8.6,102.7,0,803.9354871,82.53957773,846.8560675,7,47802,19.2,13.7,0.037043762,medium
10.6,72.1,2,1353.738792,86.12693786,1353.738792,4.1,54782,16.7,11.1,0.040523828,medium
9.7,84.2,3,1229.56047,35.71337466,1255.070024,7.1,43519,25.4,18.6,0.078288819,medium
10.2,59.4,45,3088.586454,378.9439888,3309.238361,4,59214,22.5,16,0.045122119,medium
8.3,92,1,4378.881038,247.7746169,4391.116821,5.1,43529,27.7,18.2,0.062876633,medium
6.8,61.2,2,1154.10358,124.8168448,1139.632062,4.7,47805,17.3,13.6,0.033989978,medium
7.2,17.8,1,283.3448514,6.910850035,290.2557015,7.3,47714,17.8,15,0.075259157,medium
7,61.3,1,1180.655041,66.6897199,1190.535,6.5,56569,15,10.4,0.028948278,medium
8.4,63.2,1,1867.693514,71.47962831,1946.090525,3.9,60039,16,11.8,0.06843598,medium
5.1,54.9,4,974.8360344,64.66863877,993.1879454,4.1,85532,5.6,4.7,0.027571562,medium
8.5,85.5,12,3620.140453,701.3384126,3379.091624,5.9,47562,25.6,17.9,0.051849858,medium
12.7,77.4,4,1410.005341,96.13672779,1523.945166,9.2,34116,33.3,24.8,0.09396475,low
7.8,77.6,11,2381.768855,253.9338036,2449.050461,6.4,42839,27.2,18.7,0.038936517,low
8.5,85.5,12,3304.427392,817.7308258,3312.05246,5.2,45251,27.9,19.8,0.051640198,low
8.8,57.1,1,1101.988423,48.43905156,1140.739664,4.8,51042,18.9,12.7,0.041197413,low
12.1,68.7,2,2437.083458,116.0515932,2519.977453,6.8,42074,29.8,20.6,0.080871382,low
8.3,92,1,3833.029853,221.8719875,3817.728337,5.1,44783,22.7,14.8,0.062904534,low
7.7,43.8,0,678.1105901,96.87294145,711.0473902,4.1,52771,14.8,10.7,0.039369163,low
6.9,60.7,2,2018.651871,150.0919102,2037.202557,4.7,52452,16.2,11.6,0.039951431,low
7.9,60.2,1,2091.082066,92.74575234,2123.590886,4.4,59591,13.3,9.5,0.039163567,low
8.9,76.8,7,3535.954475,254.7853078,3603.20745,5.1,50387,23.2,16.3,0.062933264,low
9.8,66.2,5,535.3875782,36.59123736,541.165142,6.7,46873,26.5,17.2,0.05642754,low
8.9,76.8,7,3923.832255,212.7300793,3988.688986,6.4,42466,27.2,19.2,0.063118571,low
9.2,73.3,5,1723.685075,146.1028301,1782.782849,5.9,39698,30.1,21,0.062200407,low
6.4,62.1,4,2100.983937,146.9009887,2139.358073,4.2,68040,11.7,9.8,0.029098388,low
9.1,77.2,2,3085.311781,315.322745,3046.502828,5,51325,23,15.2,0.047143176,low
10.2,76.6,1,1185.896706,56.90483236,1215.487219,7.5,46484,23.8,15,0.061138552,low
10.9,48.8,2,1070.950469,172.7339465,1105.497258,8.5,39070,28.2,21.1,0.072980092,low
6.9,60.7,2,1849.032345,128.5694952,1779.672486,4.7,53058,15.6,11.1,0.040076465,low
11.6,93.6,4,1543.690695,106.2172497,1628.664495,7.3,39851,33.3,21.4,0.088231129,low
7.9,60.2,1,1767.919061,119.6979053,1796.418563,4.2,60800,12,9,0.038911319,low
9.9,90.5,3,2892.685656,175.6691694,3001.990917,7.7,37277,32.1,23,0.068810264,low
8.3,62.8,26,3397.973316,426.7027448,3424.465112,4.4,53344,23.2,16,0.042617291,low
6.7,61.4,9,1170.725355,202.7173677,1060.467943,5.1,60521,12.4,8.7,0.032495551,low
7.3,73,2,2703.400347,105.7334326,2725.241996,5.5,62158,15.4,11.2,0.043266319,low
11,58.7,5,664.5737351,62.17637705,681.9015779,6.1,43668,26.5,18.2,0.068179965,low
7.8,65.8,10,2681.285048,213.7643936,2713.924918,5.6,58558,20.3,14.4,0.039981165,low
10,59.4,7,3310.851729,268.7837535,3292.600981,5.4,47141,20.4,13.4,0.056726645,low
8.3,76.6,0,2151.36197,117.3905752,2156.153422,5.7,45395,25.3,15.5,0.041350231,low
6.7,61.4,9,1194.566746,171.1501026,1211.115611,4.9,61946,12.5,8.6,0.032601264,low
8.3,92,1,4151.149888,200.6414446,4158.749943,6,42240,27.3,21.3,0.06248765,low
10.2,76.6,1,1193.940922,68.74899741,1228.31542,5.8,51504,24.3,16.7,0.061553269,low
8.3,62.8,26,3686.36102,441.0787469,3689.201908,4.5,51070,23.1,16.6,0.04272078,low
10.1,85.6,3,3895.695884,205.9552484,3916.640486,6,44947,25.3,15.8,0.057004224,low
7.1,54.3,0,2021.90618,179.2563498,1965.22954,3.6,54386,12.4,9.7,0.030618566,low
8.1,93.4,3,1955.820752,109.9960823,1927.191634,7.3,43520,26.2,17.6,0.039071211,low
8.2,73,2,2361.836568,117.5574763,2377.867133,6.1,54849,18.2,12.4,0.032181359,low
12.7,77.4,4,1141.487154,89.45824089,1205.897087,7.9,36609,29.3,21.3,0.094432119,low
5.7,60,1,1954.705049,131.4087428,1960.864834,4.1,60148,11.7,8.1,0.041106297,low
12.7,77.4,4,855.2537013,61.08955009,934.3107661,7.5,38302,29.6,20.2,0.094832543,low
6.9,59.6,10,1539.226713,218.4499158,1472.261412,6.1,55443,20.1,13.5,0.045126811,low
8.2,50.1,49,2409.042139,592.9140474,2540.650244,5.6,46703,26.4,18.3,0.047482547,low
10.1,80.4,5,2069.481056,202.6202935,2100.464256,6.5,42831,26.9,17.6,0.047389542,low
6.9,61,2,1715.433752,113.3319596,1720.585205,4.1,54335,16.7,11,0.039022254,low
7.9,61.8,23,2719.375644,327.0929705,2728.974309,5,55531,18.7,12.9,0.038741689,low
9.2,73.3,5,1558.972331,164.7962295,1598.523426,6.5,42132,26.5,17.9,0.062441291,low
7.3,73,2,1752.452601,129.7931636,1748.534317,4.4,66193,12.2,8.7,0.042689706,low
9.1,77.3,13,3110.727535,391.0972723,3205.305385,5,46696,27,17.7,0.043026341,low
8.4,63.2,1,1459.8043,68.10906532,1496.129135,3.9,69937,13.1,9.6,0.067382569,low
9.9,90.5,3,2519.819171,152.0015724,2604.992465,7.7,39245,31.6,22.1,0.069291751,low
11.6,93.6,4,1356.85691,141.7082935,1363.942325,6.9,43499,30.5,20,0.088284267,low
9.3,82.8,1,1053.675892,34.21025623,1072.491533,6.4,48244,23.8,14.8,0.054240361,low
8.3,92,1,2787.145255,187.8628293,2796.38441,5,46450,23.6,16.5,0.063303614,low
9.8,66.2,5,601.0722353,47.50409602,583.6217511,5.9,43123,23.7,15.1,0.056811021,low
9.1,77.3,13,3448.275862,358.5185241,3510.063497,6.2,42994,30.3,19.7,0.042975272,low
7.3,73,2,1855.673149,107.3611323,1897.534141,4.4,61203,12.9,10.6,0.042924754,low
6.9,59.6,10,1177.030778,131.1073352,1190.076284,6,54951,17.9,12.4,0.045274429,low
8.6,89.7,0,1685.917211,86.08938948,1693.091326,6.2,47055,21.1,13.6,0.04275773,low
8.2,50.1,49,2288.742689,572.105568,2379.741279,5.8,46918,27.1,18.1,0.047714982,low
7.8,77.6,11,2407.721403,276.0749533,2406.851876,6.8,43904,28.9,18.4,0.038998304,low
8.2,73,2,2227.316956,87.97302161,2241.979126,5.5,51354,20.1,12.5,0.032110153,low
8.9,76.8,7,3888.384166,225.8273848,3955.87281,5.4,45615,25.9,17.8,0.063153796,low
12.7,77.4,4,758.8563208,79.12245999,784.031649,7.1,41644,27.6,18.6,0.094910987,low
8.8,57.1,1,794.9048302,41.32532756,821.644748,4.8,57896,16.8,11,0.041349637,low
7.8,65.8,10,3235.38876,249.4488457,3211.188499,4.6,58954,18.3,14.4,0.039741616,low
7.3,73,2,2156.064613,106.9614048,2199.641481,4.5,62214,13.5,9.5,0.043160908,low
8.9,76.8,7,3903.099061,278.4210663,3985.064141,5.5,47507,24.9,18.6,0.063308267,low
8.5,89,4,3512.597613,293.9443053,3571.533815,5,47651,25.1,15.1,0.059068808,low
10.2,76.6,1,1354.846092,77.81210665,1380.020597,6.2,47202,23.6,14.9,0.061471564,low
9.2,73.3,5,1547.137795,131.4235331,1585.400343,5.9,43108,26.9,19.5,0.063033388,low
8.5,89,4,3800.268743,341.4970936,3899.748331,5.2,47410,22.4,15.7,0.059524428,low
7.7,43.8,0,554.5107315,93.06473816,540.9387905,4.2,53954,12.5,9.2,0.039397406,low
8.3,62.8,26,3155.506947,444.5966531,3217.495161,4.4,55178,25.4,16.2,0.042455175,low
10.1,80.4,5,1818.957012,195.8266612,1851.677416,6.8,45929,29.2,17.6,0.04777179,low
7.9,61.8,23,2677.53352,292.5549118,2755.893143,5.1,52226,19.7,13.7,0.038788013,low
7.8,65.8,10,3042.730345,230.1535502,3039.295218,4.5,63094,15.8,12.4,0.039488113,low
10.1,85.6,3,3898.874047,293.726834,3919.854535,4.9,45068,26.2,16.3,0.057101895,low
10,59.4,7,3596.635884,239.116095,3658.476253,5.5,44835,22.1,15.8,0.056381926,low
12.1,68.7,2,2222.738281,126.0657532,2222.738281,6.6,43149,27.2,19,0.080914308,low
9.1,77.3,13,3057.366277,405.3675477,3187.098933,4.9,47239,27.2,18.2,0.043024237,low
9.9,90.5,3,2934.201165,231.8901684,2994.808822,7,41843,30.2,21.4,0.069672455,low
10.1,80.4,5,1850.09535,205.677087,1861.078107,7.2,46340,24.1,15.4,0.048104476,low
7.8,65.8,10,2784.874607,221.8762062,2761.505397,4.4,64026,13.1,10.7,0.039239267,low
8.8,57.1,1,622.6589483,60.80653792,646.9815635,4.4,52300,13.9,9.9,0.041372768,low
10.2,76.6,1,1171.605789,103.3769814,1194.578452,5.7,48207,22.6,16.9,0.061704572,low
8.5,89,4,3500.954333,291.869973,3618.29646,4.8,47654,22,15.4,0.059547416,low
8.6,89.7,0,2006.386122,100.081018,2015.917648,5.5,50794,20,13,0.042605919,low
10.1,85.6,3,3468.853603,272.2038039,3419.99651,4.2,46067,24.3,15.6,0.056988309,low
9.1,77.3,13,2615.349024,360.5626809,2697.54302,4.9,48039,23,15.9,0.043039937,low